Workbook

Sheet equipe
A1: equipe_id | B1: tipo | C1: segmento | D1: sigla | E1: MUNICIPIO | F1: equipe | G1: qtd | H1: latitude | I1: longitude
A2: PI-BTA-E001M | B2: 8h TRIO 4x4 | C2: PLANTÃO | D2: BTA | E2: Batalha | F2: =LEFT(A2,11) -> PI-BTA-E001 | G2: =1/COUNTIFS(F:F,F2) -> 1 | H2: =_xlfn.XLOOKUP($E2,Planilha1!$A:$A,Planilha1!B:B) -> -4.022571443094604 | I2: =_xlfn.XLOOKUP($E2,Planilha1!$A:$A,Planilha1!C:C) -> -42.07646935834346
A3: PI-BTA-E002M | B3: 8h TRIO LEVE | C3: PLANTÃO | D3: BTA | E3: Batalha | F3: =LEFT(A3,11) -> PI-BTA-E002 | G3: =1/COUNTIFS(F:F,F3) -> 1 | H3: =_xlfn.XLOOKUP($E3,Planilha1!$A:$A,Planilha1!B:B) -> -4.022571443094604 | I3: =_xlfn.XLOOKUP($E3,Planilha1!$A:$A,Planilha1!C:C) -> -42.07646935834346
A4: PI-BTL-L001M | B4: LN MULTI | C4: LIGAÇÃO NOVA | D4: BTL | E4: Buriti dos Lopes | F4: =LEFT(A4,11) -> PI-BTL-L001 | G4: =1/COUNTIFS(F:F,F4) -> 1 | H4: =_xlfn.XLOOKUP($E4,Planilha1!$A:$A,Planilha1!B:B) -> -3.175880607942812 | I4: =_xlfn.XLOOKUP($E4,Planilha1!$A:$A,Planilha1!C:C) -> -41.87072731243759
A5: PI-BTL-E001M | B5: 16h 4x4 | C5: PLANTÃO | D5: BTL | E5: Buriti dos Lopes | F5: =LEFT(A5,11) -> PI-BTL-E001 | G5: =1/COUNTIFS(F:F,F5) -> 0.5 | H5: =_xlfn.XLOOKUP($E5,Planilha1!$A:$A,Planilha1!B:B) -> -3.175880607942812 | I5: =_xlfn.XLOOKUP($E5,Planilha1!$A:$A,Planilha1!C:C) -> -41.87072731243759
A6: PI-BTL-E001T | B6: 16h 4x4 | C6: PLANTÃO | D6: BTL | E6: Buriti dos Lopes | F6: =LEFT(A6,11) -> PI-BTL-E001 | G6: =1/COUNTIFS(F:F,F6) -> 0.5 | H6: =_xlfn.XLOOKUP($E6,Planilha1!$A:$A,Planilha1!B:B) -> -3.175880607942812 | I6: =_xlfn.XLOOKUP($E6,Planilha1!$A:$A,Planilha1!C:C) -> -41.87072731243759
A7: PI-CET-L001M | B7: LN MULTI | C7: LIGAÇÃO NOVA | D7: CET | E7: Cocal | F7: =LEFT(A7,11) -> PI-CET-L001 | G7: =1/COUNTIFS(F:F,F7) -> 1 | H7: =_xlfn.XLOOKUP($E7,Planilha1!$A:$A,Planilha1!B:B) -> -3.467996506132712 | I7: =_xlfn.XLOOKUP($E7,Planilha1!$A:$A,Planilha1!C:C) -> -41.55907978171543
A8: PI-CET-E001M | B8: 16h 4x4 | C8: PLANTÃO | D8: CET | E8: Cocal | F8: =LEFT(A8,11) -> PI-CET-E001 | G8: =1/COUNTIFS(F:F,F8) -> 0.5 | H8: =_xlfn.XLOOKUP($E8,Planilha1!$A:$A,Planilha1!B:B) -> -3.467996506132712 | I8: =_xlfn.XLOOKUP($E8,Planilha1!$A:$A,Planilha1!C:C) -> -41.55907978171543
A9: PI-CET-E001T | B9: 16h 4x4 | C9: PLANTÃO | D9: CET | E9: Cocal | F9: =LEFT(A9,11) -> PI-CET-E001 | G9: =1/COUNTIFS(F:F,F9) -> 0.5 | H9: =_xlfn.XLOOKUP($E9,Planilha1!$A:$A,Planilha1!B:B) -> -3.467996506132712 | I9: =_xlfn.XLOOKUP($E9,Planilha1!$A:$A,Planilha1!C:C) -> -41.55907978171543
A10: PI-ETA-C002M | B10: CORTE LEVE | C10: CORTE E RELIGAÇÃO | D10: ETA | E10: Esperantina | F10: =LEFT(A10,11) -> PI-ETA-C002 | G10: =1/COUNTIFS(F:F,F10) -> 1 | H10: =_xlfn.XLOOKUP($E10,Planilha1!$A:$A,Planilha1!B:B) -> -3.897609384548015 | I10: =_xlfn.XLOOKUP($E10,Planilha1!$A:$A,Planilha1!C:C) -> -42.233432912973164
A11: PI-ETA-C003M | B11: CORTE LEVE | C11: CORTE E RELIGAÇÃO | D11: ETA | E11: Esperantina | F11: =LEFT(A11,11) -> PI-ETA-C003 | G11: =1/COUNTIFS(F:F,F11) -> 1 | H11: =_xlfn.XLOOKUP($E11,Planilha1!$A:$A,Planilha1!B:B) -> -3.897609384548015 | I11: =_xlfn.XLOOKUP($E11,Planilha1!$A:$A,Planilha1!C:C) -> -42.233432912973164
A12: PI-ETA-C004M | B12: CORTE LEVE | C12: CORTE E RELIGAÇÃO | D12: ETA | E12: Esperantina | F12: =LEFT(A12,11) -> PI-ETA-C004 | G12: =1/COUNTIFS(F:F,F12) -> 1 | H12: =_xlfn.XLOOKUP($E12,Planilha1!$A:$A,Planilha1!B:B) -> -3.897609384548015 | I12: =_xlfn.XLOOKUP($E12,Planilha1!$A:$A,Planilha1!C:C) -> -42.233432912973164
A13: PI-ETA-R001M | B13: CORTE LEVE | C13: CORTE E RELIGAÇÃO | D13: ETA | E13: Esperantina | F13: =LEFT(A13,11) -> PI-ETA-R001 | G13: =1/COUNTIFS(F:F,F13) -> 1 | H13: =_xlfn.XLOOKUP($E13,Planilha1!$A:$A,Planilha1!B:B) -> -3.897609384548015 | I13: =_xlfn.XLOOKUP($E13,Planilha1!$A:$A,Planilha1!C:C) -> -42.233432912973164
... A70: PI-PTO-E001T | B70: 16h 4x4 | C70: PLANTÃO | D70: PTO | E70: Porto | F70: =LEFT(A70,11) -> PI-PTO-E001 | G70: =1/COUNTIFS(F:F,F70) -> 0.5 | H70: =_xlfn.XLOOKUP($E70,Planilha1!$A:$A,Planilha1!B:B) -> -3.892779895826809 | I70: =_xlfn.XLOOKUP($E70,Planilha1!$A:$A,Planilha1!C:C) -> -42.713215750972346

Sheet Planilha1
A1: MUNICIPIO | B1: latitude | C1: longitude
A2: Batalha | B2: -4.022571443094604 | C2: -42.07646935834346
A3: Buriti dos Lopes | B3: -3.175880607942812 | C3: -41.87072731243759
A4: Cocal | B4: -3.467996506132712 | C4: -41.55907978171543
A5: Esperantina | B5: -3.897609384548015 | C5: -42.233432912973164
A6: Joaquim Pires | B6: -3.5082234092981337 | C6: -42.194397097051365
A7: Luis Correia | B7: -2.8889375883317214 | C7: -41.648483042300306
A8: Luzilandia | B8: -3.4603187889605307 | C8: -42.36997957986373
A9: Matias Olimpio | B9: -3.7154916032680383 | C9: -42.55445441361651
A10: Parnaiba | B10: -2.915733819985718 | C10: -41.75232117712896
A11: Piracuruca | B11: -3.930814475607244 | C11: -41.708448036799226
A12: Pedro II | B12: -4.429687854297294 | C12: -41.45703883542527
... A14: Porto | B14: -3.892779895826809 | C14: -42.713215750972346
